Date,AQS_SITE_ID,POC,Daily Mean PM2.5 Concentration,UNITS,DAILY_AQI_VALUE,DAILY_OBS_COUNT,PERCENT_COMPLETE,AQS_PARAMETER_CODE,AQS_PARAMETER_DESC,CBSA_CODE,CBSA_NAME,STATE_CODE,STATE,COUNTY_CODE,COUNTY,SITE_LATITUDE,SITE_LONGITUDE,Max Temp,Avg Temp,Min Temp,Max Dew Point,Avg Dew Point,Min Dew Point,Max Wind Speed
1/1/2017,60371103,1,12.2,ug/m3 LC,51,1,100,88101,PM2.5 - Local Conditions,31080,"Los Angeles-Long Beach-Anaheim, CA",6,California,37,Los Angeles,34.06659,-118.22688,60,52,44,45,43,40,6
1/2/2017,60371103,1,7.4,ug/m3 LC,31,1,100,88101,PM2.5 - Local Conditions,31080,"Los Angeles-Long Beach-Anaheim, CA",6,California,37,Los Angeles,34.06659,-118.22688,57,54,51,47,46,43,5
1/3/2017,60371103,1,11.4,ug/m3 LC,48,1,100,88101,PM2.5 - Local Conditions,31080,"Los Angeles-Long Beach-Anaheim, CA",6,California,37,Los Angeles,34.06659,-118.22688,60,54,48,47,45,43,4
1/4/2017,60371103,1,13.9,ug/m3 LC,55,1,100,88101,PM2.5 - Local Conditions,31080,"Los Angeles-Long Beach-Anaheim, CA",6,California,37,Los Angeles,34.06659,-118.22688,63,54,46,55,50,42,7
1/5/2017,60371103,1,5.1,ug/m3 LC,21,1,100,88101,PM2.5 - Local Conditions,31080,"Los Angeles-Long Beach-Anaheim, CA",6,California,37,Los Angeles,34.06659,-118.22688,64,60,54,57,55,52,8
1/6/2017,60371103,1,8.1,ug/m3 LC,34,1,100,88101,PM2.5 - Local Conditions,31080,"Los Angeles-Long Beach-Anaheim, CA",6,California,37,Los Angeles,34.06659,-118.22688,64,58,51,53,49,40,5
1/7/2017,60371103,1,8.4,ug/m3 LC,35,1,100,88101,PM2.5 - Local Conditions,31080,"Los Angeles-Long Beach-Anaheim, CA",6,California,37,Los Angeles,34.06659,-118.22688,70,61,51,52,47,36,7
1/8/2017,60371103,1,7.3,ug/m3 LC,30,1,100,88101,PM2.5 - Local Conditions,31080,"Los Angeles-Long Beach-Anaheim, CA",6,California,37,Los Angeles,34.06659,-118.22688,79,66,53,50,45,39,9
1/9/2017,60371103,1,7.7,ug/m3 LC,32,1,100,88101,PM2.5 - Local Conditions,31080,"Los Angeles-Long Beach-Anaheim, CA",6,California,37,Los Angeles,34.06659,-118.22688,64,60,55,56,54,48,12
1/10/2017,60371103,1,6.7,ug/m3 LC,28,1,100,88101,PM2.5 - Local Conditions,31080,"Los Angeles-Long Beach-Anaheim, CA",6,California,37,Los Angeles,34.06659,-118.22688,61,56,51,56,53,49,7
1/11/2017,60371103,1,12.9,ug/m3 LC,53,1,100,88101,PM2.5 - Local Conditions,31080,"Los Angeles-Long Beach-Anaheim, CA",6,California,37,Los Angeles,34.06659,-118.22688,66,61,55,58,55,51,9
1/12/2017,60371103,1,5.7,ug/m3 LC,24,1,100,88101,PM2.5 - Local Conditions,31080,"Los Angeles-Long Beach-Anaheim, CA",6,California,37,Los Angeles,34.06659,-118.22688,58,56,53,55,53,51,8
1/13/2017,60371103,1,9.9,ug/m3 LC,41,1,100,88101,PM2.5 - Local Conditions,31080,"Los Angeles-Long Beach-Anaheim, CA",6,California,37,Los Angeles,34.06659,-118.22688,62,56,49,51,49,47,7
1/14/2017,60371103,1,15.4,ug/m3 LC,58,1,100,88101,PM2.5 - Local Conditions,31080,"Los Angeles-Long Beach-Anaheim, CA",6,California,37,Los Angeles,34.06659,-118.22688,72,60,47,51,47,45,6
1/15/2017,60371103,1,10.1,ug/m3 LC,42,1,100,88101,PM2.5 - Local Conditions,31080,"Los Angeles-Long Beach-Anaheim, CA",6,California,37,Los Angeles,34.06659,-118.22688,66,60,53,52,51,49,8
1/16/2017,60371103,1,13.4,ug/m3 LC,54,1,100,88101,PM2.5 - Local Conditions,31080,"Los Angeles-Long Beach-Anaheim, CA",6,California,37,Los Angeles,34.06659,-118.22688,66,59,52,52,50,49,10
1/18/2017,60371103,1,13.7,ug/m3 LC,54,1,100,88101,PM2.5 - Local Conditions,31080,"Los Angeles-Long Beach-Anaheim, CA",6,California,37,Los Angeles,34.06659,-118.22688,62,55,47,51,46,41,9
1/19/2017,60371103,1,6.8,ug/m3 LC,28,1,100,88101,PM2.5 - Local Conditions,31080,"Los Angeles-Long Beach-Anaheim, CA",6,California,37,Los Angeles,34.06659,-118.22688,64,58,52,54,51,46,13
1/20/2017,60371103,1,5.5,ug/m3 LC,23,1,100,88101,PM2.5 - Local Conditions,31080,"Los Angeles-Long Beach-Anaheim, CA",6,California,37,Los Angeles,34.06659,-118.22688,59,55,51,56,51,41,16
1/21/2017,60371103,1,5.5,ug/m3 LC,23,1,100,88101,PM2.5 - Local Conditions,31080,"Los Angeles-Long Beach-Anaheim, CA",6,California,37,Los Angeles,34.06659,-118.22688,63,55,46,48,45,41,9
1/22/2017,60371103,1,5.5,ug/m3 LC,23,1,100,88101,PM2.5 - Local Conditions,31080,"Los Angeles-Long Beach-Anaheim, CA",6,California,37,Los Angeles,34.06659,-118.22688,56,54,51,54,50,47,17
1/23/2017,60371103,1,4.1,ug/m3 LC,17,1,100,88101,PM2.5 - Local Conditions,31080,"Los Angeles-Long Beach-Anaheim, CA",6,California,37,Los Angeles,34.06659,-118.22688,58,51,44,51,45,41,14
1/24/2017,60371103,1,7.1,ug/m3 LC,30,1,100,88101,PM2.5 - Local Conditions,31080,"Los Angeles-Long Beach-Anaheim, CA",6,California,37,Los Angeles,34.06659,-118.22688,58,50,41,42,39,36,7
1/25/2017,60371103,1,10.8,ug/m3 LC,45,1,100,88101,PM2.5 - Local Conditions,31080,"Los Angeles-Long Beach-Anaheim, CA",6,California,37,Los Angeles,34.06659,-118.22688,61,51,41,44,39,34,10
1/26/2017,60371103,1,10.4,ug/m3 LC,43,1,100,88101,PM2.5 - Local Conditions,31080,"Los Angeles-Long Beach-Anaheim, CA",6,California,37,Los Angeles,34.06659,-118.22688,65,54,43,42,36,28,7
1/27/2017,60371103,1,8.6,ug/m3 LC,36,1,100,88101,PM2.5 - Local Conditions,31080,"Los Angeles-Long Beach-Anaheim, CA",6,California,37,Los Angeles,34.06659,-118.22688,64,54,44,38,32,26,7
1/28/2017,60371103,1,9.9,ug/m3 LC,41,1,100,88101,PM2.5 - Local Conditions,31080,"Los Angeles-Long Beach-Anaheim, CA",6,California,37,Los Angeles,34.06659,-118.22688,74,58,41,37,31,22,7
1/29/2017,60371103,1,9.7,ug/m3 LC,40,1,100,88101,PM2.5 - Local Conditions,31080,"Los Angeles-Long Beach-Anaheim, CA",6,California,37,Los Angeles,34.06659,-118.22688,80,64,47,38,29,22,6
1/30/2017,60371103,1,8.4,ug/m3 LC,35,1,100,88101,PM2.5 - Local Conditions,31080,"Los Angeles-Long Beach-Anaheim, CA",6,California,37,Los Angeles,34.06659,-118.22688,80,67,53,40,32,25,7
1/31/2017,60371103,1,12.7,ug/m3 LC,52,1,100,88101,PM2.5 - Local Conditions,31080,"Los Angeles-Long Beach-Anaheim, CA",6,California,37,Los Angeles,34.06659,-118.22688,77,64,50,45,39,32,8
2/1/2017,60371103,1,18.6,ug/m3 LC,65,1,100,88101,PM2.5 - Local Conditions,31080,"Los Angeles-Long Beach-Anaheim, CA",6,California,37,Los Angeles,34.06659,-118.22688,72,60,48,52,46,36,9
2/2/2017,60371103,1,16.5,ug/m3 LC,60,1,100,88101,PM2.5 - Local Conditions,31080,"Los Angeles-Long Beach-Anaheim, CA",6,California,37,Los Angeles,34.06659,-118.22688,68,61,53,52,49,42,7
2/3/2017,60371103,1,14.3,ug/m3 LC,56,1,100,88101,PM2.5 - Local Conditions,31080,"Los Angeles-Long Beach-Anaheim, CA",6,California,37,Los Angeles,34.06659,-118.22688,61,58,55,58,55,52,8
2/4/2017,60371103,1,8.5,ug/m3 LC,35,1,100,88101,PM2.5 - Local Conditions,31080,"Los Angeles-Long Beach-Anaheim, CA",6,California,37,Los Angeles,34.06659,-118.22688,66,61,55,57,55,52,10
2/5/2017,60371103,1,15.9,ug/m3 LC,59,1,100,88101,PM2.5 - Local Conditions,31080,"Los Angeles-Long Beach-Anaheim, CA",6,California,37,Los Angeles,34.06659,-118.22688,61,58,55,53,52,50,7
2/6/2017,60371103,1,4.7,ug/m3 LC,20,1,100,88101,PM2.5 - Local Conditions,31080,"Los Angeles-Long Beach-Anaheim, CA",6,California,37,Los Angeles,34.06659,-118.22688,61,58,54,58,55,52,13
2/7/2017,60371103,1,4.6,ug/m3 LC,19,1,100,88101,PM2.5 - Local Conditions,31080,"Los Angeles-Long Beach-Anaheim, CA",6,California,37,Los Angeles,34.06659,-118.22688,66,62,58,60,59,56,8
2/8/2017,60371103,1,5.3,ug/m3 LC,22,1,100,88101,PM2.5 - Local Conditions,31080,"Los Angeles-Long Beach-Anaheim, CA",6,California,37,Los Angeles,34.06659,-118.22688,73,66,59,61,59,58,8
2/9/2017,60371103,1,9.3,ug/m3 LC,39,1,100,88101,PM2.5 - Local Conditions,31080,"Los Angeles-Long Beach-Anaheim, CA",6,California,37,Los Angeles,34.06659,-118.22688,75,67,58,60,58,56,10
2/10/2017,60371103,1,15.1,ug/m3 LC,57,1,100,88101,PM2.5 - Local Conditions,31080,"Los Angeles-Long Beach-Anaheim, CA",6,California,37,Los Angeles,34.06659,-118.22688,65,62,58,60,58,56,8
2/11/2017,60371103,1,6.4,ug/m3 LC,27,1,100,88101,PM2.5 - Local Conditions,31080,"Los Angeles-Long Beach-Anaheim, CA",6,California,37,Los Angeles,34.06659,-118.22688,65,60,55,59,56,50,6
2/12/2017,60371103,1,9.9,ug/m3 LC,41,1,100,88101,PM2.5 - Local Conditions,31080,"Los Angeles-Long Beach-Anaheim, CA",6,California,37,Los Angeles,34.06659,-118.22688,75,63,50,51,49,43,6
2/14/2017,60371103,1,12.3,ug/m3 LC,51,1,100,88101,PM2.5 - Local Conditions,31080,"Los Angeles-Long Beach-Anaheim, CA",6,California,37,Los Angeles,34.06659,-118.22688,73,65,56,56,54,49,12
2/16/2017,60371103,1,15.4,ug/m3 LC,58,1,100,88101,PM2.5 - Local Conditions,31080,"Los Angeles-Long Beach-Anaheim, CA",6,California,37,Los Angeles,34.06659,-118.22688,68,60,51,54,53,50,8
2/17/2017,60371103,1,5.7,ug/m3 LC,24,1,100,88101,PM2.5 - Local Conditions,31080,"Los Angeles-Long Beach-Anaheim, CA",6,California,37,Los Angeles,34.06659,-118.22688,61,57,53,56,54,50,17
2/18/2017,60371103,1,4.4,ug/m3 LC,18,1,100,88101,PM2.5 - Local Conditions,31080,"Los Angeles-Long Beach-Anaheim, CA",6,California,37,Los Angeles,34.06659,-118.22688,63,58,53,53,51,50,9
2/19/2017,60371103,1,6.1,ug/m3 LC,25,1,100,88101,PM2.5 - Local Conditions,31080,"Los Angeles-Long Beach-Anaheim, CA",6,California,37,Los Angeles,34.06659,-118.22688,63,59,54,53,51,49,8
2/20/2017,60371103,1,7.8,ug/m3 LC,33,1,100,88101,PM2.5 - Local Conditions,31080,"Los Angeles-Long Beach-Anaheim, CA",6,California,37,Los Angeles,34.06659,-118.22688,64,59,54,57,53,50,8
2/21/2017,60371103,1,8.9,ug/m3 LC,37,1,100,88101,PM2.5 - Local Conditions,31080,"Los Angeles-Long Beach-Anaheim, CA",6,California,37,Los Angeles,34.06659,-118.22688,68,63,58,59,55,52,8
2/22/2017,60371103,1,4.8,ug/m3 LC,20,1,100,88101,PM2.5 - Local Conditions,31080,"Los Angeles-Long Beach-Anaheim, CA",6,California,37,Los Angeles,34.06659,-118.22688,66,59,51,56,47,30,13
2/23/2017,60371103,1,2.2,ug/m3 LC,9,1,100,88101,PM2.5 - Local Conditions,31080,"Los Angeles-Long Beach-Anaheim, CA",6,California,37,Los Angeles,34.06659,-118.22688,62,56,49,34,25,14,17
2/24/2017,60371103,1,6,ug/m3 LC,25,1,100,88101,PM2.5 - Local Conditions,31080,"Los Angeles-Long Beach-Anaheim, CA",6,California,37,Los Angeles,34.06659,-118.22688,64,54,44,40,30,16,10
2/25/2017,60371103,1,11,ug/m3 LC,46,1,100,88101,PM2.5 - Local Conditions,31080,"Los Angeles-Long Beach-Anaheim, CA",6,California,37,Los Angeles,34.06659,-118.22688,66,55,44,46,40,34,10
2/26/2017,60371103,1,4.2,ug/m3 LC,18,1,100,88101,PM2.5 - Local Conditions,31080,"Los Angeles-Long Beach-Anaheim, CA",6,California,37,Los Angeles,34.06659,-118.22688,58,54,49,49,45,38,8
2/27/2017,60371103,1,6,ug/m3 LC,25,1,100,88101,PM2.5 - Local Conditions,31080,"Los Angeles-Long Beach-Anaheim, CA",6,California,37,Los Angeles,34.06659,-118.22688,61,57,52,48,44,37,7
2/28/2017,60371103,1,5.8,ug/m3 LC,24,1,100,88101,PM2.5 - Local Conditions,31080,"Los Angeles-Long Beach-Anaheim, CA",6,California,37,Los Angeles,34.06659,-118.22688,66,57,47,44,38,32,9
3/1/2017,60371103,1,6,ug/m3 LC,25,1,100,88101,PM2.5 - Local Conditions,31080,"Los Angeles-Long Beach-Anaheim, CA",6,California,37,Los Angeles,34.06659,-118.22688,75,61,47,8,33,26,8
3/2/2017,60371103,1,6.3,ug/m3 LC,26,1,100,88101,PM2.5 - Local Conditions,31080,"Los Angeles-Long Beach-Anaheim, CA",6,California,37,Los Angeles,34.06659,-118.22688,79,64,48,35,28,19,10
3/3/2017,60371103,1,5.7,ug/m3 LC,24,1,100,88101,PM2.5 - Local Conditions,31080,"Los Angeles-Long Beach-Anaheim, CA",6,California,37,Los Angeles,34.06659,-118.22688,82,69,55,40,28,19,9
3/4/2017,60371103,1,9.7,ug/m3 LC,40,1,100,88101,PM2.5 - Local Conditions,31080,"Los Angeles-Long Beach-Anaheim, CA",6,California,37,Los Angeles,34.06659,-118.22688,71,62,53,53,45,37,8
3/5/2017,60371103,1,5.8,ug/m3 LC,24,1,100,88101,PM2.5 - Local Conditions,31080,"Los Angeles-Long Beach-Anaheim, CA",6,California,37,Los Angeles,34.06659,-118.22688,63,56,49,53,48,37,14
3/6/2017,60371103,1,5.2,ug/m3 LC,22,1,100,88101,PM2.5 - Local Conditions,31080,"Los Angeles-Long Beach-Anaheim, CA",6,California,37,Los Angeles,34.06659,-118.22688,67,57,46,39,30,23,9
3/7/2017,60371103,1,6.9,ug/m3 LC,29,1,100,88101,PM2.5 - Local Conditions,31080,"Los Angeles-Long Beach-Anaheim, CA",6,California,37,Los Angeles,34.06659,-118.22688,77,63,49,47,35,28,9
3/8/2017,60371103,1,8.1,ug/m3 LC,34,1,100,88101,PM2.5 - Local Conditions,31080,"Los Angeles-Long Beach-Anaheim, CA",6,California,37,Los Angeles,34.06659,-118.22688,85,70,54,49,41,31,9
3/9/2017,60371103,1,12.1,ug/m3 LC,51,1,100,88101,PM2.5 - Local Conditions,31080,"Los Angeles-Long Beach-Anaheim, CA",6,California,37,Los Angeles,34.06659,-118.22688,87,72,57,49,45,38,7
3/10/2017,60371103,1,11.7,ug/m3 LC,49,1,100,88101,PM2.5 - Local Conditions,31080,"Los Angeles-Long Beach-Anaheim, CA",6,California,37,Los Angeles,34.06659,-118.22688,81,69,56,54,47,41,9
3/11/2017,60371103,1,14.1,ug/m3 LC,55,1,100,88101,PM2.5 - Local Conditions,31080,"Los Angeles-Long Beach-Anaheim, CA",6,California,37,Los Angeles,34.06659,-118.22688,83,69,55,55,51,45,9
3/12/2017,60371103,1,21.5,ug/m3 LC,71,1,100,88101,PM2.5 - Local Conditions,31080,"Los Angeles-Long Beach-Anaheim, CA",6,California,37,Los Angeles,34.06659,-118.22688,84,69,53,57,54,51,8
3/13/2017,60371103,1,32.5,ug/m3 LC,94,1,100,88101,PM2.5 - Local Conditions,31080,"Los Angeles-Long Beach-Anaheim, CA",6,California,37,Los Angeles,34.06659,-118.22688,88,70,55,57,55,48,5
3/15/2017,60371103,1,14,ug/m3 LC,55,1,100,88101,PM2.5 - Local Conditions,31080,"Los Angeles-Long Beach-Anaheim, CA",6,California,37,Los Angeles,34.06659,-118.22688,85,71,57,57,54,48,10
3/16/2017,60371103,1,17.8,ug/m3 LC,63,1,100,88101,PM2.5 - Local Conditions,31080,"Los Angeles-Long Beach-Anaheim, CA",6,California,37,Los Angeles,34.06659,-118.22688,79,69,58,58,55,53,10
3/17/2017,60371103,1,23.5,ug/m3 LC,75,1,100,88101,PM2.5 - Local Conditions,31080,"Los Angeles-Long Beach-Anaheim, CA",6,California,37,Los Angeles,34.06659,-118.22688,78,66,53,57,55,52,7
3/18/2017,60371103,1,27.8,ug/m3 LC,84,1,100,88101,PM2.5 - Local Conditions,31080,"Los Angeles-Long Beach-Anaheim, CA",6,California,37,Los Angeles,34.06659,-118.22688,75,66,57,56,55,54,8
3/19/2017,60371103,1,19,ug/m3 LC,66,1,100,88101,PM2.5 - Local Conditions,31080,"Los Angeles-Long Beach-Anaheim, CA",6,California,37,Los Angeles,34.06659,-118.22688,77,67,56,55,54,53,8
3/20/2017,60371103,1,5.7,ug/m3 LC,24,1,100,88101,PM2.5 - Local Conditions,31080,"Los Angeles-Long Beach-Anaheim, CA",6,California,37,Los Angeles,34.06659,-118.22688,71,65,59,53,51,49,12
3/22/2017,60371103,1,4,ug/m3 LC,17,1,100,88101,PM2.5 - Local Conditions,31080,"Los Angeles-Long Beach-Anaheim, CA",6,California,37,Los Angeles,34.06659,-118.22688,69,62,55,58,56,49,15
3/23/2017,60371103,1,4.8,ug/m3 LC,20,1,100,88101,PM2.5 - Local Conditions,31080,"Los Angeles-Long Beach-Anaheim, CA",6,California,37,Los Angeles,34.06659,-118.22688,70,62,54,51,44,38,10
3/24/2017,60371103,1,8.5,ug/m3 LC,35,1,100,88101,PM2.5 - Local Conditions,31080,"Los Angeles-Long Beach-Anaheim, CA",6,California,37,Los Angeles,34.06659,-118.22688,72,63,53,53,49,44,12
3/25/2017,60371103,1,7.2,ug/m3 LC,30,1,100,88101,PM2.5 - Local Conditions,31080,"Los Angeles-Long Beach-Anaheim, CA",6,California,37,Los Angeles,34.06659,-118.22688,70,62,54,54,52,49,12
3/26/2017,60371103,1,8.3,ug/m3 LC,35,1,100,88101,PM2.5 - Local Conditions,31080,"Los Angeles-Long Beach-Anaheim, CA",6,California,37,Los Angeles,34.06659,-118.22688,71,64,57,54,52,49,13
3/27/2017,60371103,1,6.7,ug/m3 LC,28,1,100,88101,PM2.5 - Local Conditions,31080,"Los Angeles-Long Beach-Anaheim, CA",6,California,37,Los Angeles,34.06659,-118.22688,74,65,55,52,45,31,15
3/28/2017,60371103,1,8.3,ug/m3 LC,35,1,100,88101,PM2.5 - Local Conditions,31080,"Los Angeles-Long Beach-Anaheim, CA",6,California,37,Los Angeles,34.06659,-118.22688,79,68,57,52,43,32,10
3/29/2017,60371103,1,9.3,ug/m3 LC,39,1,100,88101,PM2.5 - Local Conditions,31080,"Los Angeles-Long Beach-Anaheim, CA",6,California,37,Los Angeles,34.06659,-118.22688,83,70,56,51,45,34,12
3/30/2017,60371103,1,10.8,ug/m3 LC,45,1,100,88101,PM2.5 - Local Conditions,31080,"Los Angeles-Long Beach-Anaheim, CA",6,California,37,Los Angeles,34.06659,-118.22688,75,67,58,55,46,23,14
3/31/2017,60371103,1,8.4,ug/m3 LC,35,1,100,88101,PM2.5 - Local Conditions,31080,"Los Angeles-Long Beach-Anaheim, CA",6,California,37,Los Angeles,34.06659,-118.22688,76,67,58,47,32,22,14
4/1/2017,60371103,1,12.1,ug/m3 LC,51,1,100,88101,PM2.5 - Local Conditions,31080,"Los Angeles-Long Beach-Anaheim, CA",6,California,37,Los Angeles,34.06659,-118.22688,74,64,53,52,44,38,10
4/2/2017,60371103,1,13.8,ug/m3 LC,55,1,100,88101,PM2.5 - Local Conditions,31080,"Los Angeles-Long Beach-Anaheim, CA",6,California,37,Los Angeles,34.06659,-118.22688,79,68,56,55,51,47,8
4/3/2017,60371103,1,12.7,ug/m3 LC,52,1,100,88101,PM2.5 - Local Conditions,31080,"Los Angeles-Long Beach-Anaheim, CA",6,California,37,Los Angeles,34.06659,-118.22688,69,63,56,54,52,49,10
4/5/2017,60371103,1,14.7,ug/m3 LC,56,1,100,88101,PM2.5 - Local Conditions,31080,"Los Angeles-Long Beach-Anaheim, CA",6,California,37,Los Angeles,34.06659,-118.22688,86,72,57,57,53,41,9
4/6/2017,60371103,1,16.2,ug/m3 LC,60,1,100,88101,PM2.5 - Local Conditions,31080,"Los Angeles-Long Beach-Anaheim, CA",6,California,37,Los Angeles,34.06659,-118.22688,79,68,57,58,56,52,9
4/7/2017,60371103,1,8.2,ug/m3 LC,34,1,100,88101,PM2.5 - Local Conditions,31080,"Los Angeles-Long Beach-Anaheim, CA",6,California,37,Los Angeles,34.06659,-118.22688,72,65,57,54,52,50,9
4/8/2017,60371103,1,5.9,ug/m3 LC,25,1,100,88101,PM2.5 - Local Conditions,31080,"Los Angeles-Long Beach-Anaheim, CA",6,California,37,Los Angeles,34.06659,-118.22688,69,63,56,54,50,38,14
4/9/2017,60371103,1,7.3,ug/m3 LC,30,1,100,88101,PM2.5 - Local Conditions,31080,"Los Angeles-Long Beach-Anaheim, CA",6,California,37,Los Angeles,34.06659,-118.22688,72,62,52,48,43,34,13
4/10/2017,60371103,1,9.2,ug/m3 LC,38,1,100,88101,PM2.5 - Local Conditions,31080,"Los Angeles-Long Beach-Anaheim, CA",6,California,37,Los Angeles,34.06659,-118.22688,79,67,54,48,40,35,10
4/11/2017,60371103,1,11.1,ug/m3 LC,46,1,100,88101,PM2.5 - Local Conditions,31080,"Los Angeles-Long Beach-Anaheim, CA",6,California,37,Los Angeles,34.06659,-118.22688,77,66,54,51,46,37,10
4/12/2017,60371103,1,8.5,ug/m3 LC,35,1,100,88101,PM2.5 - Local Conditions,31080,"Los Angeles-Long Beach-Anaheim, CA",6,California,37,Los Angeles,34.06659,-118.22688,75,66,56,58,53,48,13
4/13/2017,60371103,1,4.6,ug/m3 LC,19,1,100,88101,PM2.5 - Local Conditions,31080,"Los Angeles-Long Beach-Anaheim, CA",6,California,37,Los Angeles,34.06659,-118.22688,71,64,56,55,51,48,13
4/14/2017,60371103,1,7.9,ug/m3 LC,33,1,100,88101,PM2.5 - Local Conditions,31080,"Los Angeles-Long Beach-Anaheim, CA",6,California,37,Los Angeles,34.06659,-118.22688,70,62,54,49,46,40,12
4/15/2017,60371103,1,9.5,ug/m3 LC,40,1,100,88101,PM2.5 - Local Conditions,31080,"Los Angeles-Long Beach-Anaheim, CA",6,California,37,Los Angeles,34.06659,-118.22688,76,65,53,53,44,37,12
4/16/2017,60371103,1,9.3,ug/m3 LC,39,1,100,88101,PM2.5 - Local Conditions,31080,"Los Angeles-Long Beach-Anaheim, CA",6,California,37,Los Angeles,34.06659,-118.22688,77,66,55,50,46,38,12
4/17/2017,60371103,1,5.5,ug/m3 LC,23,1,100,88101,PM2.5 - Local Conditions,31080,"Los Angeles-Long Beach-Anaheim, CA",6,California,37,Los Angeles,34.06659,-118.22688,75,66,56,59,52,40,12
4/18/2017,60371103,1,3.6,ug/m3 LC,15,1,100,88101,PM2.5 - Local Conditions,31080,"Los Angeles-Long Beach-Anaheim, CA",6,California,37,Los Angeles,34.06659,-118.22688,77,69,60,59,58,53,14
4/19/2017,60371103,1,5.8,ug/m3 LC,24,1,100,88101,PM2.5 - Local Conditions,31080,"Los Angeles-Long Beach-Anaheim, CA",6,California,37,Los Angeles,34.06659,-118.22688,76,69,61,58,56,52,12
4/20/2017,60371103,1,11.9,ug/m3 LC,50,1,100,88101,PM2.5 - Local Conditions,31080,"Los Angeles-Long Beach-Anaheim, CA",6,California,37,Los Angeles,34.06659,-118.22688,79,69,59,55,50,38,14
4/21/2017,60371103,1,13.8,ug/m3 LC,55,1,100,88101,PM2.5 - Local Conditions,31080,"Los Angeles-Long Beach-Anaheim, CA",6,California,37,Los Angeles,34.06659,-118.22688,90,75,60,55,49,40,9
4/22/2017,60371103,1,12.9,ug/m3 LC,53,1,100,88101,PM2.5 - Local Conditions,31080,"Los Angeles-Long Beach-Anaheim, CA",6,California,37,Los Angeles,34.06659,-118.22688,90,77,63,56,50,40,12
4/23/2017,60371103,1,10.8,ug/m3 LC,45,1,100,88101,PM2.5 - Local Conditions,31080,"Los Angeles-Long Beach-Anaheim, CA",6,California,37,Los Angeles,34.06659,-118.22688,81,71,60,57,53,50,9
4/24/2017,60371103,1,13.3,ug/m3 LC,54,1,100,88101,PM2.5 - Local Conditions,31080,"Los Angeles-Long Beach-Anaheim, CA",6,California,37,Los Angeles,34.06659,-118.22688,73,66,59,55,53,49,10
4/25/2017,60371103,1,7.2,ug/m3 LC,30,1,100,88101,PM2.5 - Local Conditions,31080,"Los Angeles-Long Beach-Anaheim, CA",6,California,37,Los Angeles,34.06659,-118.22688,77,69,60,54,43,32,14
4/26/2017,60371103,1,11.2,ug/m3 LC,47,1,100,88101,PM2.5 - Local Conditions,31080,"Los Angeles-Long Beach-Anaheim, CA",6,California,37,Los Angeles,34.06659,-118.22688,78,70,61,55,53,48,8
4/27/2017,60371103,1,7.2,ug/m3 LC,30,1,100,88101,PM2.5 - Local Conditions,31080,"Los Angeles-Long Beach-Anaheim, CA",6,California,37,Los Angeles,34.06659,-118.22688,85,73,60,57,49,32,17
4/28/2017,60371103,1,5.3,ug/m3 LC,22,1,100,88101,PM2.5 - Local Conditions,31080,"Los Angeles-Long Beach-Anaheim, CA",6,California,37,Los Angeles,34.06659,-118.22688,85,77,69,36,28,18,18
4/29/2017,60371103,1,7,ug/m3 LC,29,1,100,88101,PM2.5 - Local Conditions,31080,"Los Angeles-Long Beach-Anaheim, CA",6,California,37,Los Angeles,34.06659,-118.22688,83,73,63,44,26,10,12
4/30/2017,60371103,1,9.7,ug/m3 LC,40,1,100,88101,PM2.5 - Local Conditions,31080,"Los Angeles-Long Beach-Anaheim, CA",6,California,37,Los Angeles,34.06659,-118.22688,87,73,59,52,39,23,12
5/1/2017,60371103,1,12.7,ug/m3 LC,52,1,100,88101,PM2.5 - Local Conditions,31080,"Los Angeles-Long Beach-Anaheim, CA",6,California,37,Los Angeles,34.06659,-118.22688,85,73,60,59,47,35,9
5/2/2017,60371103,1,12.7,ug/m3 LC,52,1,100,88101,PM2.5 - Local Conditions,31080,"Los Angeles-Long Beach-Anaheim, CA",6,California,37,Los Angeles,34.06659,-118.22688,87,75,62,59,53,39,10
5/3/2017,60371103,1,12.5,ug/m3 LC,52,1,100,88101,PM2.5 - Local Conditions,31080,"Los Angeles-Long Beach-Anaheim, CA",6,California,37,Los Angeles,34.06659,-118.22688,82,73,63,60,58,54,10
5/4/2017,60371103,1,12.1,ug/m3 LC,51,1,100,88101,PM2.5 - Local Conditions,31080,"Los Angeles-Long Beach-Anaheim, CA",6,California,37,Los Angeles,34.06659,-118.22688,80,71,61,59,57,56,10
5/5/2017,60371103,1,18.1,ug/m3 LC,64,1,100,88101,PM2.5 - Local Conditions,31080,"Los Angeles-Long Beach-Anaheim, CA",6,California,37,Los Angeles,34.06659,-118.22688,72,66,59,57,55,54,12
5/6/2017,60371103,1,6.3,ug/m3 LC,26,1,100,88101,PM2.5 - Local Conditions,31080,"Los Angeles-Long Beach-Anaheim, CA",6,California,37,Los Angeles,34.06659,-118.22688,66,59,52,56,51,43,10
5/7/2017,60371103,1,4.9,ug/m3 LC,20,1,100,88101,PM2.5 - Local Conditions,31080,"Los Angeles-Long Beach-Anaheim, CA",6,California,37,Los Angeles,34.06659,-118.22688,66,59,51,51,47,42,10
5/8/2017,60371103,1,11.3,ug/m3 LC,47,1,100,88101,PM2.5 - Local Conditions,31080,"Los Angeles-Long Beach-Anaheim, CA",6,California,37,Los Angeles,34.06659,-118.22688,71,61,51,54,50,47,10
5/9/2017,60371103,1,10.9,ug/m3 LC,45,1,100,88101,PM2.5 - Local Conditions,31080,"Los Angeles-Long Beach-Anaheim, CA",6,California,37,Los Angeles,34.06659,-118.22688,71,64,56,55,53,51,10
5/10/2017,60371103,1,7.4,ug/m3 LC,31,1,100,88101,PM2.5 - Local Conditions,31080,"Los Angeles-Long Beach-Anaheim, CA",6,California,37,Los Angeles,34.06659,-118.22688,69,65,61,56,54,52,7
5/11/2017,60371103,1,8.6,ug/m3 LC,36,1,100,88101,PM2.5 - Local Conditions,31080,"Los Angeles-Long Beach-Anaheim, CA",6,California,37,Los Angeles,34.06659,-118.22688,71,65,58,55,54,53,10
5/12/2017,60371103,1,14.1,ug/m3 LC,55,1,100,88101,PM2.5 - Local Conditions,31080,"Los Angeles-Long Beach-Anaheim, CA",6,California,37,Los Angeles,34.06659,-118.22688,75,67,59,56,55,51,10
5/13/2017,60371103,1,9,ug/m3 LC,38,1,100,88101,PM2.5 - Local Conditions,31080,"Los Angeles-Long Beach-Anaheim, CA",6,California,37,Los Angeles,34.06659,-118.22688,75,66,57,53,46,29,12
5/14/2017,60371103,1,12,ug/m3 LC,50,1,100,88101,PM2.5 - Local Conditions,31080,"Los Angeles-Long Beach-Anaheim, CA",6,California,37,Los Angeles,34.06659,-118.22688,72,65,57,53,51,49,9
5/15/2017,60371103,1,8.2,ug/m3 LC,34,1,100,88101,PM2.5 - Local Conditions,31080,"Los Angeles-Long Beach-Anaheim, CA",6,California,37,Los Angeles,34.06659,-118.22688,67,62,57,50,48,44,12
5/16/2017,60371103,1,10,ug/m3 LC,42,1,100,88101,PM2.5 - Local Conditions,31080,"Los Angeles-Long Beach-Anaheim, CA",6,California,37,Los Angeles,34.06659,-118.22688,70,63,55,50,49,47,9
5/17/2017,60371103,1,8.8,ug/m3 LC,37,1,100,88101,PM2.5 - Local Conditions,31080,"Los Angeles-Long Beach-Anaheim, CA",6,California,37,Los Angeles,34.06659,-118.22688,70,64,58,53,51,49,9
5/18/2017,60371103,1,10.7,ug/m3 LC,45,1,100,88101,PM2.5 - Local Conditions,31080,"Los Angeles-Long Beach-Anaheim, CA",6,California,37,Los Angeles,34.06659,-118.22688,75,66,57,56,53,50,10
5/19/2017,60371103,1,11.2,ug/m3 LC,47,1,100,88101,PM2.5 - Local Conditions,31080,"Los Angeles-Long Beach-Anaheim, CA",6,California,37,Los Angeles,34.06659,-118.22688,88,74,60,55,48,35,12
5/20/2017,60371103,1,10.4,ug/m3 LC,43,1,100,88101,PM2.5 - Local Conditions,31080,"Los Angeles-Long Beach-Anaheim, CA",6,California,37,Los Angeles,34.06659,-118.22688,94,79,63,54,45,36,12
5/21/2017,60371103,1,11.6,ug/m3 LC,48,1,100,88101,PM2.5 - Local Conditions,31080,"Los Angeles-Long Beach-Anaheim, CA",6,California,37,Los Angeles,34.06659,-118.22688,87,75,63,59,56,51,9
5/22/2017,60371103,1,12.6,ug/m3 LC,52,1,100,88101,PM2.5 - Local Conditions,31080,"Los Angeles-Long Beach-Anaheim, CA",6,California,37,Los Angeles,34.06659,-118.22688,81,71,60,59,58,56,8
5/23/2017,60371103,1,11.4,ug/m3 LC,48,1,100,88101,PM2.5 - Local Conditions,31080,"Los Angeles-Long Beach-Anaheim, CA",6,California,37,Los Angeles,34.06659,-118.22688,82,71,59,59,57,56,10
5/24/2017,60371103,1,15.1,ug/m3 LC,57,1,100,88101,PM2.5 - Local Conditions,31080,"Los Angeles-Long Beach-Anaheim, CA",6,California,37,Los Angeles,34.06659,-118.22688,76,68,59,57,55,53,9
5/25/2017,60371103,1,5.1,ug/m3 LC,21,1,100,88101,PM2.5 - Local Conditions,31080,"Los Angeles-Long Beach-Anaheim, CA",6,California,37,Los Angeles,34.06659,-118.22688,68,65,61,52,50,48,10
5/26/2017,60371103,1,4.3,ug/m3 LC,18,1,100,88101,PM2.5 - Local Conditions,31080,"Los Angeles-Long Beach-Anaheim, CA",6,California,37,Los Angeles,34.06659,-118.22688,72,67,61,55,53,50,10
5/27/2017,60371103,1,5.6,ug/m3 LC,23,1,100,88101,PM2.5 - Local Conditions,31080,"Los Angeles-Long Beach-Anaheim, CA",6,California,37,Los Angeles,34.06659,-118.22688,72,65,58,55,52,50,10
5/28/2017,60371103,1,8.5,ug/m3 LC,35,1,100,88101,PM2.5 - Local Conditions,31080,"Los Angeles-Long Beach-Anaheim, CA",6,California,37,Los Angeles,34.06659,-118.22688,78,69,59,56,55,54,10
5/29/2017,60371103,1,12.7,ug/m3 LC,52,1,100,88101,PM2.5 - Local Conditions,31080,"Los Angeles-Long Beach-Anaheim, CA",6,California,37,Los Angeles,34.06659,-118.22688,68,63,60,57,56,56,4
5/30/2017,60371103,1,14.4,ug/m3 LC,56,1,100,88101,PM2.5 - Local Conditions,31080,"Los Angeles-Long Beach-Anaheim, CA",6,California,37,Los Angeles,34.06659,-118.22688,72,67,62,58,57,56,10
5/31/2017,60371103,1,15.5,ug/m3 LC,58,1,100,88101,PM2.5 - Local Conditions,31080,"Los Angeles-Long Beach-Anaheim, CA",6,California,37,Los Angeles,34.06659,-118.22688,69,66,62,58,57,57,8
6/1/2017,60371103,1,9.9,ug/m3 LC,41,1,100,88101,PM2.5 - Local Conditions,31080,"Los Angeles-Long Beach-Anaheim, CA",6,California,37,Los Angeles,34.06659,-118.22688,73,68,62,58,57,56,10
6/2/2017,60371103,1,14,ug/m3 LC,55,1,100,88101,PM2.5 - Local Conditions,31080,"Los Angeles-Long Beach-Anaheim, CA",6,California,37,Los Angeles,34.06659,-118.22688,77,70,62,60,58,57,9
6/3/2017,60371103,1,19,ug/m3 LC,66,1,100,88101,PM2.5 - Local Conditions,31080,"Los Angeles-Long Beach-Anaheim, CA",6,California,37,Los Angeles,34.06659,-118.22688,80,72,63,61,60,58,9
6/4/2017,60371103,1,20.8,ug/m3 LC,69,1,100,88101,PM2.5 - Local Conditions,31080,"Los Angeles-Long Beach-Anaheim, CA",6,California,37,Los Angeles,34.06659,-118.22688,75,69,63,61,59,58,8
6/5/2017,60371103,1,16.3,ug/m3 LC,60,1,100,88101,PM2.5 - Local Conditions,31080,"Los Angeles-Long Beach-Anaheim, CA",6,California,37,Los Angeles,34.06659,-118.22688,76,70,63,60,59,58,9
6/6/2017,60371103,1,17.8,ug/m3 LC,63,1,100,88101,PM2.5 - Local Conditions,31080,"Los Angeles-Long Beach-Anaheim, CA",6,California,37,Los Angeles,34.06659,-118.22688,73,69,64,60,59,58,7
6/7/2017,60371103,1,12.2,ug/m3 LC,51,1,100,88101,PM2.5 - Local Conditions,31080,"Los Angeles-Long Beach-Anaheim, CA",6,California,37,Los Angeles,34.06659,-118.22688,72,68,63,59,59,58,8
6/8/2017,60371103,1,5.4,ug/m3 LC,23,1,100,88101,PM2.5 - Local Conditions,31080,"Los Angeles-Long Beach-Anaheim, CA",6,California,37,Los Angeles,34.06659,-118.22688,70,66,61,60,58,53,10
6/9/2017,60371103,1,6,ug/m3 LC,25,1,100,88101,PM2.5 - Local Conditions,31080,"Los Angeles-Long Beach-Anaheim, CA",6,California,37,Los Angeles,34.06659,-118.22688,77,69,60,60,57,55,10
6/10/2017,60371103,1,5.5,ug/m3 LC,23,1,100,88101,PM2.5 - Local Conditions,31080,"Los Angeles-Long Beach-Anaheim, CA",6,California,37,Los Angeles,34.06659,-118.22688,75,69,63,59,57,55,8
6/11/2017,60371103,1,5.6,ug/m3 LC,23,1,100,88101,PM2.5 - Local Conditions,31080,"Los Angeles-Long Beach-Anaheim, CA",6,California,37,Los Angeles,34.06659,-118.22688,72,67,61,56,54,48,9
6/12/2017,60371103,1,8.3,ug/m3 LC,35,1,100,88101,PM2.5 - Local Conditions,31080,"Los Angeles-Long Beach-Anaheim, CA",6,California,37,Los Angeles,34.06659,-118.22688,74,67,60,54,50,42,10
6/13/2017,60371103,1,11.1,ug/m3 LC,46,1,100,88101,PM2.5 - Local Conditions,31080,"Los Angeles-Long Beach-Anaheim, CA",6,California,37,Los Angeles,34.06659,-118.22688,81,71,60,56,52,47,12
6/14/2017,60371103,1,14.8,ug/m3 LC,57,1,100,88101,PM2.5 - Local Conditions,31080,"Los Angeles-Long Beach-Anaheim, CA",6,California,37,Los Angeles,34.06659,-118.22688,85,74,62,59,55,50,9
6/15/2017,60371103,1,16.9,ug/m3 LC,61,1,100,88101,PM2.5 - Local Conditions,31080,"Los Angeles-Long Beach-Anaheim, CA",6,California,37,Los Angeles,34.06659,-118.22688,86,75,63,60,57,50,10
6/16/2017,60371103,1,14.8,ug/m3 LC,57,1,100,88101,PM2.5 - Local Conditions,31080,"Los Angeles-Long Beach-Anaheim, CA",6,California,37,Los Angeles,34.06659,-118.22688,88,76,64,62,60,54,9
6/17/2017,60371103,1,13.5,ug/m3 LC,54,1,100,88101,PM2.5 - Local Conditions,31080,"Los Angeles-Long Beach-Anaheim, CA",6,California,37,Los Angeles,34.06659,-118.22688,86,75,64,62,60,56,9
6/19/2017,60371103,1,11.9,ug/m3 LC,50,1,100,88101,PM2.5 - Local Conditions,31080,"Los Angeles-Long Beach-Anaheim, CA",6,California,37,Los Angeles,34.06659,-118.22688,84,74,63,63,61,59,8
6/20/2017,60371103,1,10.6,ug/m3 LC,44,1,100,88101,PM2.5 - Local Conditions,31080,"Los Angeles-Long Beach-Anaheim, CA",6,California,37,Los Angeles,34.06659,-118.22688,84,74,63,63,61,60,8
6/21/2017,60371103,1,12.9,ug/m3 LC,53,1,100,88101,PM2.5 - Local Conditions,31080,"Los Angeles-Long Beach-Anaheim, CA",6,California,37,Los Angeles,34.06659,-118.22688,82,73,64,63,61,59,7
6/22/2017,60371103,1,12.1,ug/m3 LC,51,1,100,88101,PM2.5 - Local Conditions,31080,"Los Angeles-Long Beach-Anaheim, CA",6,California,37,Los Angeles,34.06659,-118.22688,81,73,65,61,61,60,0
6/23/2017,60371103,1,10.6,ug/m3 LC,44,1,100,88101,PM2.5 - Local Conditions,31080,"Los Angeles-Long Beach-Anaheim, CA",6,California,37,Los Angeles,34.06659,-118.22688,78,71,64,63,61,60,10
6/24/2017,60371103,1,8.7,ug/m3 LC,36,1,100,88101,PM2.5 - Local Conditions,31080,"Los Angeles-Long Beach-Anaheim, CA",6,California,37,Los Angeles,34.06659,-118.22688,77,70,62,61,60,59,9
6/25/2017,60371103,1,13.2,ug/m3 LC,53,1,100,88101,PM2.5 - Local Conditions,31080,"Los Angeles-Long Beach-Anaheim, CA",6,California,37,Los Angeles,34.06659,-118.22688,88,76,64,63,61,60,10
6/26/2017,60371103,1,13.8,ug/m3 LC,55,1,100,88101,PM2.5 - Local Conditions,31080,"Los Angeles-Long Beach-Anaheim, CA",6,California,37,Los Angeles,34.06659,-118.22688,94,81,67,63,58,51,12
6/27/2017,60371103,1,10.7,ug/m3 LC,45,1,100,88101,PM2.5 - Local Conditions,31080,"Los Angeles-Long Beach-Anaheim, CA",6,California,37,Los Angeles,34.06659,-118.22688,89,77,64,60,56,51,9
6/28/2017,60371103,1,12.7,ug/m3 LC,52,1,100,88101,PM2.5 - Local Conditions,31080,"Los Angeles-Long Beach-Anaheim, CA",6,California,37,Los Angeles,34.06659,-118.22688,80,72,63,60,59,58,9
6/29/2017,60371103,1,26.6,ug/m3 LC,81,1,100,88101,PM2.5 - Local Conditions,31080,"Los Angeles-Long Beach-Anaheim, CA",6,California,37,Los Angeles,34.06659,-118.22688,78,71,64,60,58,56,8
6/30/2017,60371103,1,14,ug/m3 LC,55,1,100,88101,PM2.5 - Local Conditions,31080,"Los Angeles-Long Beach-Anaheim, CA",6,California,37,Los Angeles,34.06659,-118.22688,77,70,63,60,59,58,10
7/1/2017,60371103,1,16.4,ug/m3 LC,60,1,100,88101,PM2.5 - Local Conditions,31080,"Los Angeles-Long Beach-Anaheim, CA",6,California,37,Los Angeles,34.06659,-118.22688,75,69,63,62,60,58,8
7/2/2017,60371103,1,11.7,ug/m3 LC,49,1,100,88101,PM2.5 - Local Conditions,31080,"Los Angeles-Long Beach-Anaheim, CA",6,California,37,Los Angeles,34.06659,-118.22688,82,73,64,60,59,59,8
7/3/2017,60371103,1,12.6,ug/m3 LC,52,1,100,88101,PM2.5 - Local Conditions,31080,"Los Angeles-Long Beach-Anaheim, CA",6,California,37,Los Angeles,34.06659,-118.22688,84,74,63,61,60,58,8
7/4/2017,60371103,1,54.9,ug/m3 LC,149,1,100,88101,PM2.5 - Local Conditions,31080,"Los Angeles-Long Beach-Anaheim, CA",6,California,37,Los Angeles,34.06659,-118.22688,82,73,63,62,60,50,10
7/5/2017,60371103,1,22.3,ug/m3 LC,72,1,100,88101,PM2.5 - Local Conditions,31080,"Los Angeles-Long Beach-Anaheim, CA",6,California,37,Los Angeles,34.06659,-118.22688,86,75,64,63,60,57,8
7/6/2017,60371103,1,13.1,ug/m3 LC,53,1,100,88101,PM2.5 - Local Conditions,31080,"Los Angeles-Long Beach-Anaheim, CA",6,California,37,Los Angeles,34.06659,-118.22688,88,77,66,64,61,58,9
7/7/2017,60371103,1,17.2,ug/m3 LC,62,1,100,88101,PM2.5 - Local Conditions,31080,"Los Angeles-Long Beach-Anaheim, CA",6,California,37,Los Angeles,34.06659,-118.22688,96,82,68,63,61,58,9
7/8/2017,60371103,1,18.6,ug/m3 LC,65,1,100,88101,PM2.5 - Local Conditions,31080,"Los Angeles-Long Beach-Anaheim, CA",6,California,37,Los Angeles,34.06659,-118.22688,98,85,72,65,63,60,8
7/9/2017,60371103,1,16.1,ug/m3 LC,59,1,100,88101,PM2.5 - Local Conditions,31080,"Los Angeles-Long Beach-Anaheim, CA",6,California,37,Los Angeles,34.06659,-118.22688,96,84,72,67,64,60,7
7/10/2017,60371103,1,14,ug/m3 LC,55,1,100,88101,PM2.5 - Local Conditions,31080,"Los Angeles-Long Beach-Anaheim, CA",6,California,37,Los Angeles,34.06659,-118.22688,92,81,70,67,64,61,9
7/11/2017,60371103,1,8.4,ug/m3 LC,35,1,100,88101,PM2.5 - Local Conditions,31080,"Los Angeles-Long Beach-Anaheim, CA",6,California,37,Los Angeles,34.06659,-118.22688,86,77,68,66,65,63,10
7/12/2017,60371103,1,8.2,ug/m3 LC,34,1,100,88101,PM2.5 - Local Conditions,31080,"Los Angeles-Long Beach-Anaheim, CA",6,California,37,Los Angeles,34.06659,-118.22688,82,75,67,65,63,63,9
7/13/2017,60371103,1,10,ug/m3 LC,42,1,100,88101,PM2.5 - Local Conditions,31080,"Los Angeles-Long Beach-Anaheim, CA",6,California,37,Los Angeles,34.06659,-118.22688,83,75,66,64,63,62,10
7/14/2017,60371103,1,10,ug/m3 LC,42,1,100,88101,PM2.5 - Local Conditions,31080,"Los Angeles-Long Beach-Anaheim, CA",6,California,37,Los Angeles,34.06659,-118.22688,82,74,65,63,62,61,10
7/15/2017,60371103,1,14,ug/m3 LC,55,1,100,88101,PM2.5 - Local Conditions,31080,"Los Angeles-Long Beach-Anaheim, CA",6,California,37,Los Angeles,34.06659,-118.22688,89,78,66,64,62,60,9
7/16/2017,60371103,1,16.3,ug/m3 LC,60,1,100,88101,PM2.5 - Local Conditions,31080,"Los Angeles-Long Beach-Anaheim, CA",6,California,37,Los Angeles,34.06659,-118.22688,87,79,70,66,64,63,9
7/17/2017,60371103,1,15.6,ug/m3 LC,58,1,100,88101,PM2.5 - Local Conditions,31080,"Los Angeles-Long Beach-Anaheim, CA",6,California,37,Los Angeles,34.06659,-118.22688,86,78,69,66,65,64,8
7/18/2017,60371103,1,13.6,ug/m3 LC,54,1,100,88101,PM2.5 - Local Conditions,31080,"Los Angeles-Long Beach-Anaheim, CA",6,California,37,Los Angeles,34.06659,-118.22688,85,76,67,65,64,63,9
7/19/2017,60371103,1,13,ug/m3 LC,53,1,100,88101,PM2.5 - Local Conditions,31080,"Los Angeles-Long Beach-Anaheim, CA",6,California,37,Los Angeles,34.06659,-118.22688,86,77,67,65,64,61,9
7/20/2017,60371103,1,13.4,ug/m3 LC,54,1,100,88101,PM2.5 - Local Conditions,31080,"Los Angeles-Long Beach-Anaheim, CA",6,California,37,Los Angeles,34.06659,-118.22688,89,79,68,65,63,60,8
7/21/2017,60371103,1,14.4,ug/m3 LC,56,1,100,88101,PM2.5 - Local Conditions,31080,"Los Angeles-Long Beach-Anaheim, CA",6,California,37,Los Angeles,34.06659,-118.22688,85,76,67,65,63,61,10
7/22/2017,60371103,1,15.3,ug/m3 LC,58,1,100,88101,PM2.5 - Local Conditions,31080,"Los Angeles-Long Beach-Anaheim, CA",6,California,37,Los Angeles,34.06659,-118.22688,86,77,67,65,64,62,9
7/23/2017,60371103,1,13.1,ug/m3 LC,53,1,100,88101,PM2.5 - Local Conditions,31080,"Los Angeles-Long Beach-Anaheim, CA",6,California,37,Los Angeles,34.06659,-118.22688,86,77,68,66,64,61,9
7/24/2017,60371103,1,9.5,ug/m3 LC,40,1,100,88101,PM2.5 - Local Conditions,31080,"Los Angeles-Long Beach-Anaheim, CA",6,California,37,Los Angeles,34.06659,-118.22688,85,77,68,65,64,62,6
7/25/2017,60371103,1,6.5,ug/m3 LC,27,1,100,88101,PM2.5 - Local Conditions,31080,"Los Angeles-Long Beach-Anaheim, CA",6,California,37,Los Angeles,34.06659,-118.22688,82,75,68,65,64,62,9
7/26/2017,60371103,1,5.6,ug/m3 LC,23,1,100,88101,PM2.5 - Local Conditions,31080,"Los Angeles-Long Beach-Anaheim, CA",6,California,37,Los Angeles,34.06659,-118.22688,82,75,68,64,63,61,12
7/27/2017,60371103,1,7,ug/m3 LC,29,1,100,88101,PM2.5 - Local Conditions,31080,"Los Angeles-Long Beach-Anaheim, CA",6,California,37,Los Angeles,34.06659,-118.22688,83,75,67,64,62,61,8
7/28/2017,60371103,1,10.8,ug/m3 LC,45,1,100,88101,PM2.5 - Local Conditions,31080,"Los Angeles-Long Beach-Anaheim, CA",6,California,37,Los Angeles,34.06659,-118.22688,84,75,66,65,63,62,9
7/29/2017,60371103,1,12,ug/m3 LC,50,1,100,88101,PM2.5 - Local Conditions,31080,"Los Angeles-Long Beach-Anaheim, CA",6,California,37,Los Angeles,34.06659,-118.22688,86,77,67,65,63,62,10
7/30/2017,60371103,1,10,ug/m3 LC,42,1,100,88101,PM2.5 - Local Conditions,31080,"Los Angeles-Long Beach-Anaheim, CA",6,California,37,Los Angeles,34.06659,-118.22688,83,75,66,65,63,62,10
7/31/2017,60371103,1,10.7,ug/m3 LC,45,1,100,88101,PM2.5 - Local Conditions,31080,"Los Angeles-Long Beach-Anaheim, CA",6,California,37,Los Angeles,34.06659,-118.22688,82,74,66,63,62,60,9
8/1/2017,60371103,1,13.6,ug/m3 LC,54,1,100,88101,PM2.5 - Local Conditions,31080,"Los Angeles-Long Beach-Anaheim, CA",6,California,37,Los Angeles,34.06659,-118.22688,91,80,69,66,64,62,9
8/2/2017,60371103,1,14.5,ug/m3 LC,56,1,100,88101,PM2.5 - Local Conditions,31080,"Los Angeles-Long Beach-Anaheim, CA",6,California,37,Los Angeles,34.06659,-118.22688,93,84,74,68,66,63,9
8/3/2017,60371103,1,11.6,ug/m3 LC,48,1,100,88101,PM2.5 - Local Conditions,31080,"Los Angeles-Long Beach-Anaheim, CA",6,California,37,Los Angeles,34.06659,-118.22688,92,83,74,69,66,62,12
8/4/2017,60371103,1,8.1,ug/m3 LC,34,1,100,88101,PM2.5 - Local Conditions,31080,"Los Angeles-Long Beach-Anaheim, CA",6,California,37,Los Angeles,34.06659,-118.22688,86,79,71,68,65,60,9
8/5/2017,60371103,1,9.5,ug/m3 LC,40,1,100,88101,PM2.5 - Local Conditions,31080,"Los Angeles-Long Beach-Anaheim, CA",6,California,37,Los Angeles,34.06659,-118.22688,87,79,70,66,65,63,9
8/6/2017,60371103,1,9.5,ug/m3 LC,40,1,100,88101,PM2.5 - Local Conditions,31080,"Los Angeles-Long Beach-Anaheim, CA",6,California,37,Los Angeles,34.06659,-118.22688,83,76,68,65,64,62,9
8/7/2017,60371103,1,11.7,ug/m3 LC,49,1,100,88101,PM2.5 - Local Conditions,31080,"Los Angeles-Long Beach-Anaheim, CA",6,California,37,Los Angeles,34.06659,-118.22688,83,75,67,65,64,62,10
8/8/2017,60371103,1,16.3,ug/m3 LC,60,1,100,88101,PM2.5 - Local Conditions,31080,"Los Angeles-Long Beach-Anaheim, CA",6,California,37,Los Angeles,34.06659,-118.22688,87,78,68,65,63,61,9
8/9/2017,60371103,1,14.7,ug/m3 LC,56,1,100,88101,PM2.5 - Local Conditions,31080,"Los Angeles-Long Beach-Anaheim, CA",6,California,37,Los Angeles,34.06659,-118.22688,84,75,66,65,63,62,10
8/10/2017,60371103,1,13.7,ug/m3 LC,54,1,100,88101,PM2.5 - Local Conditions,31080,"Los Angeles-Long Beach-Anaheim, CA",6,California,37,Los Angeles,34.06659,-118.22688,85,76,67,65,64,62,9
8/11/2017,60371103,1,12.7,ug/m3 LC,52,1,100,88101,PM2.5 - Local Conditions,31080,"Los Angeles-Long Beach-Anaheim, CA",6,California,37,Los Angeles,34.06659,-118.22688,83,75,66,65,63,62,10
8/12/2017,60371103,1,18.2,ug/m3 LC,64,1,100,88101,PM2.5 - Local Conditions,31080,"Los Angeles-Long Beach-Anaheim, CA",6,California,37,Los Angeles,34.06659,-118.22688,85,75,65,65,63,62,9
8/13/2017,60371103,1,15.9,ug/m3 LC,59,1,100,88101,PM2.5 - Local Conditions,31080,"Los Angeles-Long Beach-Anaheim, CA",6,California,37,Los Angeles,34.06659,-118.22688,84,75,65,63,62,61,10
8/14/2017,60371103,1,12.9,ug/m3 LC,53,1,100,88101,PM2.5 - Local Conditions,31080,"Los Angeles-Long Beach-Anaheim, CA",6,California,37,Los Angeles,34.06659,-118.22688,81,74,66,63,62,60,10
8/15/2017,60371103,1,7.2,ug/m3 LC,30,1,100,88101,PM2.5 - Local Conditions,31080,"Los Angeles-Long Beach-Anaheim, CA",6,California,37,Los Angeles,34.06659,-118.22688,77,72,67,62,61,59,9
8/16/2017,60371103,1,9.6,ug/m3 LC,40,1,100,88101,PM2.5 - Local Conditions,31080,"Los Angeles-Long Beach-Anaheim, CA",6,California,37,Los Angeles,34.06659,-118.22688,80,74,67,61,59,56,10
8/17/2017,60371103,1,11.4,ug/m3 LC,48,1,100,88101,PM2.5 - Local Conditions,31080,"Los Angeles-Long Beach-Anaheim, CA",6,California,37,Los Angeles,34.06659,-118.22688,81,73,65,62,61,59,10
8/18/2017,60371103,1,10.4,ug/m3 LC,43,1,100,88101,PM2.5 - Local Conditions,31080,"Los Angeles-Long Beach-Anaheim, CA",6,California,37,Los Angeles,34.06659,-118.22688,81,73,65,63,62,61,10
8/19/2017,60371103,1,11.4,ug/m3 LC,48,1,100,88101,PM2.5 - Local Conditions,31080,"Los Angeles-Long Beach-Anaheim, CA",6,California,37,Los Angeles,34.06659,-118.22688,83,75,67,62,61,60,9
8/20/2017,60371103,1,10.6,ug/m3 LC,44,1,100,88101,PM2.5 - Local Conditions,31080,"Los Angeles-Long Beach-Anaheim, CA",6,California,37,Los Angeles,34.06659,-118.22688,82,75,68,62,61,60,10
8/21/2017,60371103,1,8.7,ug/m3 LC,36,1,100,88101,PM2.5 - Local Conditions,31080,"Los Angeles-Long Beach-Anaheim, CA",6,California,37,Los Angeles,34.06659,-118.22688,82,75,67,63,61,60,10
8/22/2017,60371103,1,10.1,ug/m3 LC,42,1,100,88101,PM2.5 - Local Conditions,31080,"Los Angeles-Long Beach-Anaheim, CA",6,California,37,Los Angeles,34.06659,-118.22688,82,74,66,63,62,62,10
8/23/2017,60371103,1,14.3,ug/m3 LC,56,1,100,88101,PM2.5 - Local Conditions,31080,"Los Angeles-Long Beach-Anaheim, CA",6,California,37,Los Angeles,34.06659,-118.22688,79,73,67,63,62,61,9
8/24/2017,60371103,1,16.6,ug/m3 LC,60,1,100,88101,PM2.5 - Local Conditions,31080,"Los Angeles-Long Beach-Anaheim, CA",6,California,37,Los Angeles,34.06659,-118.22688,79,74,68,62,61,60,9
8/25/2017,60371103,1,20.4,ug/m3 LC,68,1,100,88101,PM2.5 - Local Conditions,31080,"Los Angeles-Long Beach-Anaheim, CA",6,California,37,Los Angeles,34.06659,-118.22688,81,75,68,64,63,62,8
8/26/2017,60371103,1,16.3,ug/m3 LC,60,1,100,88101,PM2.5 - Local Conditions,31080,"Los Angeles-Long Beach-Anaheim, CA",6,California,37,Los Angeles,34.06659,-118.22688,87,78,68,66,64,63,9
8/27/2017,60371103,1,10.4,ug/m3 LC,43,1,100,88101,PM2.5 - Local Conditions,31080,"Los Angeles-Long Beach-Anaheim, CA",6,California,37,Los Angeles,34.06659,-118.22688,83,75,67,65,64,63,8
8/28/2017,60371103,1,16.1,ug/m3 LC,59,1,100,88101,PM2.5 - Local Conditions,31080,"Los Angeles-Long Beach-Anaheim, CA",6,California,37,Los Angeles,34.06659,-118.22688,88,78,67,66,64,62,10
8/29/2017,60371103,1,21.5,ug/m3 LC,71,1,100,88101,PM2.5 - Local Conditions,31080,"Los Angeles-Long Beach-Anaheim, CA",6,California,37,Los Angeles,34.06659,-118.22688,96,83,70,66,64,60,7
8/30/2017,60371103,1,18.9,ug/m3 LC,65,1,100,88101,PM2.5 - Local Conditions,31080,"Los Angeles-Long Beach-Anaheim, CA",6,California,37,Los Angeles,34.06659,-118.22688,92,82,71,66,63,59,8
8/31/2017,60371103,1,16.9,ug/m3 LC,61,1,100,88101,PM2.5 - Local Conditions,31080,"Los Angeles-Long Beach-Anaheim, CA",6,California,37,Los Angeles,34.06659,-118.22688,102,88,74,66,64,57,8
9/1/2017,60371103,1,16.6,ug/m3 LC,60,1,100,88101,PM2.5 - Local Conditions,31080,"Los Angeles-Long Beach-Anaheim, CA",6,California,37,Los Angeles,34.06659,-118.22688,102,89,76,69,65,59,10
9/2/2017,60371103,1,17.5,ug/m3 LC,62,1,100,88101,PM2.5 - Local Conditions,31080,"Los Angeles-Long Beach-Anaheim, CA",6,California,37,Los Angeles,34.06659,-118.22688,100,89,78,67,65,60,7
9/3/2017,60371103,1,12,ug/m3 LC,50,1,100,88101,PM2.5 - Local Conditions,31080,"Los Angeles-Long Beach-Anaheim, CA",6,California,37,Los Angeles,34.06659,-118.22688,99,88,76,68,67,64,10
9/4/2017,60371103,1,11,ug/m3 LC,46,1,100,88101,PM2.5 - Local Conditions,31080,"Los Angeles-Long Beach-Anaheim, CA",6,California,37,Los Angeles,34.06659,-118.22688,85,79,73,70,68,65,10
9/5/2017,60371103,1,11.6,ug/m3 LC,48,1,100,88101,PM2.5 - Local Conditions,31080,"Los Angeles-Long Beach-Anaheim, CA",6,California,37,Los Angeles,34.06659,-118.22688,83,77,71,67,66,64,10
9/6/2017,60371103,1,14.4,ug/m3 LC,56,1,100,88101,PM2.5 - Local Conditions,31080,"Los Angeles-Long Beach-Anaheim, CA",6,California,37,Los Angeles,34.06659,-118.22688,83,77,70,66,64,62,12
9/7/2017,60371103,1,16,ug/m3 LC,59,1,100,88101,PM2.5 - Local Conditions,31080,"Los Angeles-Long Beach-Anaheim, CA",6,California,37,Los Angeles,34.06659,-118.22688,86,77,67,64,62,60,9
9/8/2017,60371103,1,15.8,ug/m3 LC,59,1,100,88101,PM2.5 - Local Conditions,31080,"Los Angeles-Long Beach-Anaheim, CA",6,California,37,Los Angeles,34.06659,-118.22688,85,76,67,64,63,62,9
9/9/2017,60371103,1,13.2,ug/m3 LC,53,1,100,88101,PM2.5 - Local Conditions,31080,"Los Angeles-Long Beach-Anaheim, CA",6,California,37,Los Angeles,34.06659,-118.22688,83,75,67,63,61,59,9
9/10/2017,60371103,1,12.7,ug/m3 LC,52,1,100,88101,PM2.5 - Local Conditions,31080,"Los Angeles-Long Beach-Anaheim, CA",6,California,37,Los Angeles,34.06659,-118.22688,91,79,67,64,62,55,9
9/11/2017,60371103,1,13.2,ug/m3 LC,53,1,100,88101,PM2.5 - Local Conditions,31080,"Los Angeles-Long Beach-Anaheim, CA",6,California,37,Los Angeles,34.06659,-118.22688,93,82,71,65,63,59,12
9/12/2017,60371103,1,9.6,ug/m3 LC,40,1,100,88101,PM2.5 - Local Conditions,31080,"Los Angeles-Long Beach-Anaheim, CA",6,California,37,Los Angeles,34.06659,-118.22688,79,73,67,66,64,62,10
9/13/2017,60371103,1,8,ug/m3 LC,33,1,100,88101,PM2.5 - Local Conditions,31080,"Los Angeles-Long Beach-Anaheim, CA",6,California,37,Los Angeles,34.06659,-118.22688,78,72,66,63,61,57,12
9/14/2017,60371103,1,6.7,ug/m3 LC,28,1,100,88101,PM2.5 - Local Conditions,31080,"Los Angeles-Long Beach-Anaheim, CA",6,California,37,Los Angeles,34.06659,-118.22688,78,71,64,61,58,57,12
9/15/2017,60371103,1,7.6,ug/m3 LC,32,1,100,88101,PM2.5 - Local Conditions,31080,"Los Angeles-Long Beach-Anaheim, CA",6,California,37,Los Angeles,34.06659,-118.22688,78,72,66,62,60,58,10
9/16/2017,60371103,1,9.7,ug/m3 LC,40,1,100,88101,PM2.5 - Local Conditions,31080,"Los Angeles-Long Beach-Anaheim, CA",6,California,37,Los Angeles,34.06659,-118.22688,79,73,66,61,60,58,8
9/17/2017,60371103,1,10.5,ug/m3 LC,44,1,100,88101,PM2.5 - Local Conditions,31080,"Los Angeles-Long Beach-Anaheim, CA",6,California,37,Los Angeles,34.06659,-118.22688,76,71,66,61,60,58,9
9/18/2017,60371103,1,12,ug/m3 LC,50,1,100,88101,PM2.5 - Local Conditions,31080,"Los Angeles-Long Beach-Anaheim, CA",6,California,37,Los Angeles,34.06659,-118.22688,77,70,63,62,61,59,8
9/19/2017,60371103,1,9.7,ug/m3 LC,40,1,100,88101,PM2.5 - Local Conditions,31080,"Los Angeles-Long Beach-Anaheim, CA",6,California,37,Los Angeles,34.06659,-118.22688,76,72,68,61,60,58,9
9/20/2017,60371103,1,9,ug/m3 LC,38,1,100,88101,PM2.5 - Local Conditions,31080,"Los Angeles-Long Beach-Anaheim, CA",6,California,37,Los Angeles,34.06659,-118.22688,80,72,63,62,60,57,9
9/21/2017,60371103,1,7.6,ug/m3 LC,32,1,100,88101,PM2.5 - Local Conditions,31080,"Los Angeles-Long Beach-Anaheim, CA",6,California,37,Los Angeles,34.06659,-118.22688,73,69,64,64,59,52,12
9/22/2017,60371103,1,7.4,ug/m3 LC,31,1,100,88101,PM2.5 - Local Conditions,31080,"Los Angeles-Long Beach-Anaheim, CA",6,California,37,Los Angeles,34.06659,-118.22688,76,69,62,55,52,45,12
9/23/2017,60371103,1,8.8,ug/m3 LC,37,1,100,88101,PM2.5 - Local Conditions,31080,"Los Angeles-Long Beach-Anaheim, CA",6,California,37,Los Angeles,34.06659,-118.22688,76,69,61,57,53,49,12
9/24/2017,60371103,1,8.2,ug/m3 LC,34,1,100,88101,PM2.5 - Local Conditions,31080,"Los Angeles-Long Beach-Anaheim, CA",6,California,37,Los Angeles,34.06659,-118.22688,86,73,59,56,47,37,10
9/25/2017,60371103,1,6.4,ug/m3 LC,27,1,100,88101,PM2.5 - Local Conditions,31080,"Los Angeles-Long Beach-Anaheim, CA",6,California,37,Los Angeles,34.06659,-118.22688,88,75,61,45,37,29,13
9/26/2017,60371103,1,12.6,ug/m3 LC,52,1,100,88101,PM2.5 - Local Conditions,31080,"Los Angeles-Long Beach-Anaheim, CA",6,California,37,Los Angeles,34.06659,-118.22688,87,75,62,61,49,35,9
9/27/2017,60371103,1,14.5,ug/m3 LC,56,1,100,88101,PM2.5 - Local Conditions,31080,"Los Angeles-Long Beach-Anaheim, CA",6,California,37,Los Angeles,34.06659,-118.22688,86,74,62,63,60,52,9
9/28/2017,60371103,1,14.7,ug/m3 LC,56,1,100,88101,PM2.5 - Local Conditions,31080,"Los Angeles-Long Beach-Anaheim, CA",6,California,37,Los Angeles,34.06659,-118.22688,88,76,63,61,57,51,10
9/29/2017,60371103,1,13.8,ug/m3 LC,55,1,100,88101,PM2.5 - Local Conditions,31080,"Los Angeles-Long Beach-Anaheim, CA",6,California,37,Los Angeles,34.06659,-118.22688,89,77,64,60,58,53,9
9/30/2017,60371103,1,21.7,ug/m3 LC,71,1,100,88101,PM2.5 - Local Conditions,31080,"Los Angeles-Long Beach-Anaheim, CA",6,California,37,Los Angeles,34.06659,-118.22688,82,73,64,63,61,59,8
10/1/2017,60371103,1,12.7,ug/m3 LC,52,1,100,88101,PM2.5 - Local Conditions,31080,"Los Angeles-Long Beach-Anaheim, CA",6,California,37,Los Angeles,34.06659,-118.22688,78,72,66,61,59,57,9
10/2/2017,60371103,1,12.4,ug/m3 LC,52,1,100,88101,PM2.5 - Local Conditions,31080,"Los Angeles-Long Beach-Anaheim, CA",6,California,37,Los Angeles,34.06659,-118.22688,79,72,64,60,57,52,12
10/3/2017,60371103,1,12.5,ug/m3 LC,52,1,100,88101,PM2.5 - Local Conditions,31080,"Los Angeles-Long Beach-Anaheim, CA",6,California,37,Los Angeles,34.06659,-118.22688,78,71,64,60,59,54,10
10/4/2017,60371103,1,11.9,ug/m3 LC,50,1,100,88101,PM2.5 - Local Conditions,31080,"Los Angeles-Long Beach-Anaheim, CA",6,California,37,Los Angeles,34.06659,-118.22688,79,69,59,57,53,47,9
10/5/2017,60371103,1,13.8,ug/m3 LC,55,1,100,88101,PM2.5 - Local Conditions,31080,"Los Angeles-Long Beach-Anaheim, CA",6,California,37,Los Angeles,34.06659,-118.22688,85,72,59,61,52,42,9
10/6/2017,60371103,1,15.1,ug/m3 LC,57,1,100,88101,PM2.5 - Local Conditions,31080,"Los Angeles-Long Beach-Anaheim, CA",6,California,37,Los Angeles,34.06659,-118.22688,92,76,60,59,48,39,8
10/7/2017,60371103,1,11.2,ug/m3 LC,47,1,100,88101,PM2.5 - Local Conditions,31080,"Los Angeles-Long Beach-Anaheim, CA",6,California,37,Los Angeles,34.06659,-118.22688,96,80,63,58,41,23,9
10/8/2017,60371103,1,14.5,ug/m3 LC,56,1,100,88101,PM2.5 - Local Conditions,31080,"Los Angeles-Long Beach-Anaheim, CA",6,California,37,Los Angeles,34.06659,-118.22688,82,73,63,62,60,55,8
10/9/2017,60371103,1,15.2,ug/m3 LC,58,1,100,88101,PM2.5 - Local Conditions,31080,"Los Angeles-Long Beach-Anaheim, CA",6,California,37,Los Angeles,34.06659,-118.22688,87,76,65,58,54,41,9
10/10/2017,60371103,1,10.2,ug/m3 LC,43,1,100,88101,PM2.5 - Local Conditions,31080,"Los Angeles-Long Beach-Anaheim, CA",6,California,37,Los Angeles,34.06659,-118.22688,88,74,60,61,46,17,9
10/11/2017,60371103,1,15.3,ug/m3 LC,58,1,100,88101,PM2.5 - Local Conditions,31080,"Los Angeles-Long Beach-Anaheim, CA",6,California,37,Los Angeles,34.06659,-118.22688,76,69,62,61,59,52,8
10/12/2017,60371103,1,18.5,ug/m3 LC,64,1,100,88101,PM2.5 - Local Conditions,31080,"Los Angeles-Long Beach-Anaheim, CA",6,California,37,Los Angeles,34.06659,-118.22688,78,71,63,60,57,51,10
10/13/2017,60371103,1,23.2,ug/m3 LC,74,1,100,88101,PM2.5 - Local Conditions,31080,"Los Angeles-Long Beach-Anaheim, CA",6,California,37,Los Angeles,34.06659,-118.22688,78,69,59,60,58,55,8
10/14/2017,60371103,1,25.7,ug/m3 LC,80,1,100,88101,PM2.5 - Local Conditions,31080,"Los Angeles-Long Beach-Anaheim, CA",6,California,37,Los Angeles,34.06659,-118.22688,87,73,59,59,56,45,8
10/15/2017,60371103,1,13.3,ug/m3 LC,54,1,100,88101,PM2.5 - Local Conditions,31080,"Los Angeles-Long Beach-Anaheim, CA",6,California,37,Los Angeles,34.06659,-118.22688,96,79,62,57,37,16,8
10/16/2017,60371103,1,10.2,ug/m3 LC,43,1,100,88101,PM2.5 - Local Conditions,31080,"Los Angeles-Long Beach-Anaheim, CA",6,California,37,Los Angeles,34.06659,-118.22688,96,81,66,50,35,23,10
10/17/2017,60371103,1,12.9,ug/m3 LC,53,1,100,88101,PM2.5 - Local Conditions,31080,"Los Angeles-Long Beach-Anaheim, CA",6,California,37,Los Angeles,34.06659,-118.22688,94,80,66,55,43,29,7
10/18/2017,60371103,1,18.8,ug/m3 LC,65,1,100,88101,PM2.5 - Local Conditions,31080,"Los Angeles-Long Beach-Anaheim, CA",6,California,37,Los Angeles,34.06659,-118.22688,86,77,67,60,57,50,9
10/19/2017,60371103,1,21.7,ug/m3 LC,71,1,100,88101,PM2.5 - Local Conditions,31080,"Los Angeles-Long Beach-Anaheim, CA",6,California,37,Los Angeles,34.06659,-118.22688,78,71,64,62,60,57,9
10/20/2017,60371103,1,8.8,ug/m3 LC,37,1,100,88101,PM2.5 - Local Conditions,31080,"Los Angeles-Long Beach-Anaheim, CA",6,California,37,Los Angeles,34.06659,-118.22688,75,70,64,63,57,28,9
10/21/2017,60371103,1,9.9,ug/m3 LC,41,1,100,88101,PM2.5 - Local Conditions,31080,"Los Angeles-Long Beach-Anaheim, CA",6,California,37,Los Angeles,34.06659,-118.22688,78,69,60,53,46,38,10
10/22/2017,60371103,1,7.2,ug/m3 LC,30,1,100,88101,PM2.5 - Local Conditions,31080,"Los Angeles-Long Beach-Anaheim, CA",6,California,37,Los Angeles,34.06659,-118.22688,93,78,62,56,39,30,8
10/23/2017,60371103,1,7.9,ug/m3 LC,33,1,100,88101,PM2.5 - Local Conditions,31080,"Los Angeles-Long Beach-Anaheim, CA",6,California,37,Los Angeles,34.06659,-118.22688,102,85,67,55,36,24,8
10/24/2017,60371103,1,7.7,ug/m3 LC,32,1,100,88101,PM2.5 - Local Conditions,31080,"Los Angeles-Long Beach-Anaheim, CA",6,California,37,Los Angeles,34.06659,-118.22688,104,86,68,50,44,32,7
10/25/2017,60371103,1,8,ug/m3 LC,33,1,100,88101,PM2.5 - Local Conditions,31080,"Los Angeles-Long Beach-Anaheim, CA",6,California,37,Los Angeles,34.06659,-118.22688,100,85,69,50,36,27,8
10/26/2017,60371103,1,11.8,ug/m3 LC,49,1,100,88101,PM2.5 - Local Conditions,31080,"Los Angeles-Long Beach-Anaheim, CA",6,California,37,Los Angeles,34.06659,-118.22688,93,80,66,50,41,32,9
10/27/2017,60371103,1,15.4,ug/m3 LC,58,1,100,88101,PM2.5 - Local Conditions,31080,"Los Angeles-Long Beach-Anaheim, CA",6,California,37,Los Angeles,34.06659,-118.22688,86,75,63,60,50,39,8
10/28/2017,60371103,1,27,ug/m3 LC,82,1,100,88101,PM2.5 - Local Conditions,31080,"Los Angeles-Long Beach-Anaheim, CA",6,California,37,Los Angeles,34.06659,-118.22688,80,71,62,61,60,57,8
10/29/2017,60371103,1,36.3,ug/m3 LC,103,1,100,88101,PM2.5 - Local Conditions,31080,"Los Angeles-Long Beach-Anaheim, CA",6,California,37,Los Angeles,34.06659,-118.22688,73,68,62,59,58,55,10
10/30/2017,60371103,1,9.2,ug/m3 LC,38,1,100,88101,PM2.5 - Local Conditions,31080,"Los Angeles-Long Beach-Anaheim, CA",6,California,37,Los Angeles,34.06659,-118.22688,69,67,64,58,56,54,7
10/31/2017,60371103,1,6.2,ug/m3 LC,26,1,100,88101,PM2.5 - Local Conditions,31080,"Los Angeles-Long Beach-Anaheim, CA",6,California,37,Los Angeles,34.06659,-118.22688,69,66,63,59,57,55,8
11/1/2017,60371103,1,5.3,ug/m3 LC,22,1,100,88101,PM2.5 - Local Conditions,31080,"Los Angeles-Long Beach-Anaheim, CA",6,California,37,Los Angeles,34.06659,-118.22688,72,68,63,57,55,48,8
11/2/2017,60371103,1,3.5,ug/m3 LC,15,1,100,88101,PM2.5 - Local Conditions,31080,"Los Angeles-Long Beach-Anaheim, CA",6,California,37,Los Angeles,34.06659,-118.22688,68,64,59,57,52,47,8
11/3/2017,60371103,1,6.4,ug/m3 LC,27,1,100,88101,PM2.5 - Local Conditions,31080,"Los Angeles-Long Beach-Anaheim, CA",6,California,37,Los Angeles,34.06659,-118.22688,71,65,59,55,51,45,9
11/4/2017,60371103,1,7,ug/m3 LC,29,1,100,88101,PM2.5 - Local Conditions,31080,"Los Angeles-Long Beach-Anaheim, CA",6,California,37,Los Angeles,34.06659,-118.22688,72,65,57,58,53,50,12
11/5/2017,60371103,1,5.1,ug/m3 LC,21,1,100,88101,PM2.5 - Local Conditions,31080,"Los Angeles-Long Beach-Anaheim, CA",6,California,37,Los Angeles,34.06659,-118.22688,70,65,59,59,56,52,7
11/6/2017,60371103,1,6.3,ug/m3 LC,26,1,100,88101,PM2.5 - Local Conditions,31080,"Los Angeles-Long Beach-Anaheim, CA",6,California,37,Los Angeles,34.06659,-118.22688,73,66,58,56,53,50,8
11/7/2017,60371103,1,7.3,ug/m3 LC,30,1,100,88101,PM2.5 - Local Conditions,31080,"Los Angeles-Long Beach-Anaheim, CA",6,California,37,Los Angeles,34.06659,-118.22688,76,68,59,57,53,48,9
11/8/2017,60371103,1,6.3,ug/m3 LC,26,1,100,88101,PM2.5 - Local Conditions,31080,"Los Angeles-Long Beach-Anaheim, CA",6,California,37,Los Angeles,34.06659,-118.22688,77,67,56,59,55,49,10
11/9/2017,60371103,1,4.3,ug/m3 LC,18,1,100,88101,PM2.5 - Local Conditions,31080,"Los Angeles-Long Beach-Anaheim, CA",6,California,37,Los Angeles,34.06659,-118.22688,72,66,60,59,56,53,8
11/10/2017,60371103,1,6.7,ug/m3 LC,28,1,100,88101,PM2.5 - Local Conditions,31080,"Los Angeles-Long Beach-Anaheim, CA",6,California,37,Los Angeles,34.06659,-118.22688,71,65,58,56,54,52,10
11/11/2017,60371103,1,12.5,ug/m3 LC,52,1,100,88101,PM2.5 - Local Conditions,31080,"Los Angeles-Long Beach-Anaheim, CA",6,California,37,Los Angeles,34.06659,-118.22688,73,64,54,57,53,49,9
11/12/2017,60371103,1,25.6,ug/m3 LC,79,1,100,88101,PM2.5 - Local Conditions,31080,"Los Angeles-Long Beach-Anaheim, CA",6,California,37,Los Angeles,34.06659,-118.22688,69,62,55,57,54,51,8
11/13/2017,60371103,1,20,ug/m3 LC,68,1,100,88101,PM2.5 - Local Conditions,31080,"Los Angeles-Long Beach-Anaheim, CA",6,California,37,Los Angeles,34.06659,-118.22688,73,63,53,55,51,47,6
11/14/2017,60371103,1,15.7,ug/m3 LC,59,1,100,88101,PM2.5 - Local Conditions,31080,"Los Angeles-Long Beach-Anaheim, CA",6,California,37,Los Angeles,34.06659,-118.22688,78,66,53,54,50,45,9
11/15/2017,60371103,1,19.5,ug/m3 LC,67,1,100,88101,PM2.5 - Local Conditions,31080,"Los Angeles-Long Beach-Anaheim, CA",6,California,37,Los Angeles,34.06659,-118.22688,79,68,56,54,49,40,7
11/16/2017,60371103,1,14.6,ug/m3 LC,56,1,100,88101,PM2.5 - Local Conditions,31080,"Los Angeles-Long Beach-Anaheim, CA",6,California,37,Los Angeles,34.06659,-118.22688,78,69,59,54,50,44,9
11/17/2017,60371103,1,6.1,ug/m3 LC,25,1,100,88101,PM2.5 - Local Conditions,31080,"Los Angeles-Long Beach-Anaheim, CA",6,California,37,Los Angeles,34.06659,-118.22688,73,67,61,60,58,55,10
11/18/2017,60371103,1,6.4,ug/m3 LC,27,1,100,88101,PM2.5 - Local Conditions,31080,"Los Angeles-Long Beach-Anaheim, CA",6,California,37,Los Angeles,34.06659,-118.22688,78,67,55,55,48,26,9
11/19/2017,60371103,1,6.8,ug/m3 LC,28,1,100,88101,PM2.5 - Local Conditions,31080,"Los Angeles-Long Beach-Anaheim, CA",6,California,37,Los Angeles,34.06659,-118.22688,77,66,55,51,34,22,7
11/20/2017,60371103,1,11.8,ug/m3 LC,49,1,100,88101,PM2.5 - Local Conditions,31080,"Los Angeles-Long Beach-Anaheim, CA",6,California,37,Los Angeles,34.06659,-118.22688,73,62,50,50,39,27,7
11/21/2017,60371103,1,11.4,ug/m3 LC,48,1,100,88101,PM2.5 - Local Conditions,31080,"Los Angeles-Long Beach-Anaheim, CA",6,California,37,Los Angeles,34.06659,-118.22688,88,73,58,49,40,29,8
11/22/2017,60371103,1,6.4,ug/m3 LC,27,1,100,88101,PM2.5 - Local Conditions,31080,"Los Angeles-Long Beach-Anaheim, CA",6,California,37,Los Angeles,34.06659,-118.22688,93,78,62,46,37,30,7
11/23/2017,60371103,1,7.5,ug/m3 LC,31,1,100,88101,PM2.5 - Local Conditions,31080,"Los Angeles-Long Beach-Anaheim, CA",6,California,37,Los Angeles,34.06659,-118.22688,92,78,64,55,43,37,8
11/24/2017,60371103,1,14.8,ug/m3 LC,57,1,100,88101,PM2.5 - Local Conditions,31080,"Los Angeles-Long Beach-Anaheim, CA",6,California,37,Los Angeles,34.06659,-118.22688,84,72,59,53,49,39,7
11/25/2017,60371103,1,19.8,ug/m3 LC,67,1,100,88101,PM2.5 - Local Conditions,31080,"Los Angeles-Long Beach-Anaheim, CA",6,California,37,Los Angeles,34.06659,-118.22688,83,71,58,59,53,40,6
11/26/2017,60371103,1,36.8,ug/m3 LC,104,1,100,88101,PM2.5 - Local Conditions,31080,"Los Angeles-Long Beach-Anaheim, CA",6,California,37,Los Angeles,34.06659,-118.22688,71,65,58,58,56,55,9
11/27/2017,60371103,1,15.4,ug/m3 LC,58,1,100,88101,PM2.5 - Local Conditions,31080,"Los Angeles-Long Beach-Anaheim, CA",6,California,37,Los Angeles,34.06659,-118.22688,68,61,54,56,51,43,10
11/28/2017,60371103,1,9.3,ug/m3 LC,39,1,100,88101,PM2.5 - Local Conditions,31080,"Los Angeles-Long Beach-Anaheim, CA",6,California,37,Los Angeles,34.06659,-118.22688,76,63,49,56,44,33,8
11/29/2017,60371103,1,12.1,ug/m3 LC,51,1,100,88101,PM2.5 - Local Conditions,31080,"Los Angeles-Long Beach-Anaheim, CA",6,California,37,Los Angeles,34.06659,-118.22688,75,64,52,56,49,31,7
11/30/2017,60371103,1,14.2,ug/m3 LC,55,1,100,88101,PM2.5 - Local Conditions,31080,"Los Angeles-Long Beach-Anaheim, CA",6,California,37,Los Angeles,34.06659,-118.22688,76,64,51,54,47,30,6
12/1/2017,60371103,1,14.1,ug/m3 LC,55,1,100,88101,PM2.5 - Local Conditions,31080,"Los Angeles-Long Beach-Anaheim, CA",6,California,37,Los Angeles,34.06659,-118.22688,74,63,52,54,50,46,7
12/2/2017,60371103,1,14.9,ug/m3 LC,57,1,100,88101,PM2.5 - Local Conditions,31080,"Los Angeles-Long Beach-Anaheim, CA",6,California,37,Los Angeles,34.06659,-118.22688,76,64,51,55,49,42,8
12/3/2017,60371103,1,19.7,ug/m3 LC,67,1,100,88101,PM2.5 - Local Conditions,31080,"Los Angeles-Long Beach-Anaheim, CA",6,California,37,Los Angeles,34.06659,-118.22688,69,61,52,55,52,49,8
12/4/2017,60371103,1,11.2,ug/m3 LC,47,1,100,88101,PM2.5 - Local Conditions,31080,"Los Angeles-Long Beach-Anaheim, CA",6,California,37,Los Angeles,34.06659,-118.22688,72,62,51,53,33,2,8
12/5/2017,60371103,1,8.2,ug/m3 LC,34,1,100,88101,PM2.5 - Local Conditions,31080,"Los Angeles-Long Beach-Anaheim, CA",6,California,37,Los Angeles,34.06659,-118.22688,71,58,45,24,14,1,12
12/6/2017,60371103,1,20.9,ug/m3 LC,70,1,100,88101,PM2.5 - Local Conditions,31080,"Los Angeles-Long Beach-Anaheim, CA",6,California,37,Los Angeles,34.06659,-118.22688,75,60,44,30,23,8,6
12/7/2017,60371103,1,10.2,ug/m3 LC,43,1,100,88101,PM2.5 - Local Conditions,31080,"Los Angeles-Long Beach-Anaheim, CA",6,California,37,Los Angeles,34.06659,-118.22688,78,62,46,33,21,5,7
12/8/2017,60371103,1,11.2,ug/m3 LC,47,1,100,88101,PM2.5 - Local Conditions,31080,"Los Angeles-Long Beach-Anaheim, CA",6,California,37,Los Angeles,34.06659,-118.22688,78,63,48,36,24,12,8
12/9/2017,60371103,1,10.6,ug/m3 LC,44,1,100,88101,PM2.5 - Local Conditions,31080,"Los Angeles-Long Beach-Anaheim, CA",6,California,37,Los Angeles,34.06659,-118.22688,83,67,50,30,24,9,6
12/10/2017,60371103,1,9.1,ug/m3 LC,38,1,100,88101,PM2.5 - Local Conditions,31080,"Los Angeles-Long Beach-Anaheim, CA",6,California,37,Los Angeles,34.06659,-118.22688,82,66,50,29,23,14,8
12/11/2017,60371103,1,9.8,ug/m3 LC,41,1,100,88101,PM2.5 - Local Conditions,31080,"Los Angeles-Long Beach-Anaheim, CA",6,California,37,Los Angeles,34.06659,-118.22688,80,67,53,30,18,9,8
12/12/2017,60371103,1,10,ug/m3 LC,42,1,100,88101,PM2.5 - Local Conditions,31080,"Los Angeles-Long Beach-Anaheim, CA",6,California,37,Los Angeles,34.06659,-118.22688,83,68,53,38,16,4,8
12/13/2017,60371103,1,11.9,ug/m3 LC,50,1,100,88101,PM2.5 - Local Conditions,31080,"Los Angeles-Long Beach-Anaheim, CA",6,California,37,Los Angeles,34.06659,-118.22688,81,65,49,40,25,12,7
12/14/2017,60371103,1,23.3,ug/m3 LC,75,1,100,88101,PM2.5 - Local Conditions,31080,"Los Angeles-Long Beach-Anaheim, CA",6,California,37,Los Angeles,34.06659,-118.22688,76,62,48,40,32,25,7
12/15/2017,60371103,1,14.5,ug/m3 LC,56,1,100,88101,PM2.5 - Local Conditions,31080,"Los Angeles-Long Beach-Anaheim, CA",6,California,37,Los Angeles,34.06659,-118.22688,81,66,50,41,27,13,9
12/16/2017,60371103,1,21.9,ug/m3 LC,72,1,100,88101,PM2.5 - Local Conditions,31080,"Los Angeles-Long Beach-Anaheim, CA",6,California,37,Los Angeles,34.06659,-118.22688,67,60,52,51,45,29,9
12/17/2017,60371103,1,9.9,ug/m3 LC,41,1,100,88101,PM2.5 - Local Conditions,31080,"Los Angeles-Long Beach-Anaheim, CA",6,California,37,Los Angeles,34.06659,-118.22688,72,60,48,47,27,16,8
12/18/2017,60371103,1,7.9,ug/m3 LC,33,1,100,88101,PM2.5 - Local Conditions,31080,"Los Angeles-Long Beach-Anaheim, CA",6,California,37,Los Angeles,34.06659,-118.22688,72,61,50,43,28,18,9
12/19/2017,60371103,1,17.2,ug/m3 LC,62,1,100,88101,PM2.5 - Local Conditions,31080,"Los Angeles-Long Beach-Anaheim, CA",6,California,37,Los Angeles,34.06659,-118.22688,69,58,47,53,41,30,6
12/20/2017,60371103,1,13.3,ug/m3 LC,54,1,100,88101,PM2.5 - Local Conditions,31080,"Los Angeles-Long Beach-Anaheim, CA",6,California,37,Los Angeles,34.06659,-118.22688,60,54,47,51,44,15,13
12/21/2017,60371103,1,7.2,ug/m3 LC,30,1,100,88101,PM2.5 - Local Conditions,31080,"Los Angeles-Long Beach-Anaheim, CA",6,California,37,Los Angeles,34.06659,-118.22688,63,54,44,28,23,17,8
12/22/2017,60371103,1,10.1,ug/m3 LC,42,1,100,88101,PM2.5 - Local Conditions,31080,"Los Angeles-Long Beach-Anaheim, CA",6,California,37,Los Angeles,34.06659,-118.22688,65,53,40,39,25,12,6
12/23/2017,60371103,1,12.7,ug/m3 LC,52,1,100,88101,PM2.5 - Local Conditions,31080,"Los Angeles-Long Beach-Anaheim, CA",6,California,37,Los Angeles,34.06659,-118.22688,66,57,47,47,29,15,7
12/24/2017,60371103,1,20.9,ug/m3 LC,70,1,100,88101,PM2.5 - Local Conditions,31080,"Los Angeles-Long Beach-Anaheim, CA",6,California,37,Los Angeles,34.06659,-118.22688,74,60,45,47,35,10,8
12/25/2017,60371103,1,46.9,ug/m3 LC,129,1,100,88101,PM2.5 - Local Conditions,31080,"Los Angeles-Long Beach-Anaheim, CA",6,California,37,Los Angeles,34.06659,-118.22688,69,57,45,50,41,27,6
12/27/2017,60371103,1,37,ug/m3 LC,105,1,100,88101,PM2.5 - Local Conditions,31080,"Los Angeles-Long Beach-Anaheim, CA",6,California,37,Los Angeles,34.06659,-118.22688,76,61,46,51,44,31,7
12/28/2017,60371103,1,17.3,ug/m3 LC,62,1,100,88101,PM2.5 - Local Conditions,31080,"Los Angeles-Long Beach-Anaheim, CA",6,California,37,Los Angeles,34.06659,-118.22688,79,63,47,52,43,30,5
12/29/2017,60371103,1,11.6,ug/m3 LC,48,1,100,88101,PM2.5 - Local Conditions,31080,"Los Angeles-Long Beach-Anaheim, CA",6,California,37,Los Angeles,34.06659,-118.22688,83,68,52,45,33,20,7
12/30/2017,60371103,1,30.9,ug/m3 LC,91,1,100,88101,PM2.5 - Local Conditions,31080,"Los Angeles-Long Beach-Anaheim, CA",6,California,37,Los Angeles,34.06659,-118.22688,73,61,48,53,47,32,8
12/31/2017,60371103,1,49.2,ug/m3 LC,135,1,100,88101,PM2.5 - Local Conditions,31080,"Los Angeles-Long Beach-Anaheim, CA",6,California,37,Los Angeles,34.06659,-118.22688,69,59,49,53,50,41,7
